{
"AICharacters": [
		{
			"Name": "Phillip",
			"CustomName": "Knappe",
			"Personality": {

				"Unknown000": 13,
				"Unknown001": 0,
				"Unknown002": 0,
				"Unknown003": 0,
				"Unknown004": 1,
				"Unknown005": 1,
				"CriticalPopularity": 4000,
				"LowestPopularity": 5000,
				"HighestPopularity": 8000,
				"TaxesMin": 2,
				"TaxesMax": 10,
				"Unknown011": 10,
				"Farm1": "AppleFarm",
				"Farm2": "AppleFarm",
				"Farm3": "DairyFarm",
				"Farm4": "None",
				"Farm5": "None",
				"Farm6": "None",
				"Farm7": "None",
				"Farm8": "None",
				"PopulationPerFarm": 5,
				"PopulationPerWoodcutter": 7,
				"PopulationPerQuarry": 8,
				"PopulationPerIronmine": 6,
				"PopulationPerPitchrig": 0,
				"MaxQuarries": 1,
				"MaxIronmines": 2,
				"MaxWoodcutters": 6,
				"MaxPitchrigs": 1,
				"MaxFarms": 6,
				"BuildInterval": 1,
				"ResourceRebuildDelay": 10,
				"MaxFood": 100,
				"MinimumApples": 10,
				"MinimumCheese": 10,
				"MinimumBread": 10,
				"MinimumWheat": -1,
				"MinimumHop": -1,
				"TradeAmountFood": 10,
				"TradeAmountEquipment": 2,
				"Unknown040": 12,
				"MinimumGoodsRequiredAfterTrade": 10,
				"DoubleRationsFoodThreshold": 50,
				"MaxWood": 60,
				"MaxStone": 60,
				"MaxResourceOther": 15,
				"MaxEquipment": 6,
				"MaxBeer": 10,
				"MaxResourceVariance": 4,
				"RecruitGoldThreshold": 200,
				"BlacksmithSetting": "Maces",
				"FletcherSetting": "Bows",
				"PoleturnerSetting": "Spears",
				"SellResource01": "None",
				"SellResource02": "Hop",
				"SellResource03": "None",
				"SellResource04": "Pitch",
				"SellResource05": "Wheat",
				"SellResource06": "Beer",
				"SellResource07": "Flour",
				"SellResource08": "None",
				"SellResource09": "Crossbows",
				"SellResource10": "None",
				"SellResource11": "Pikes",
				"SellResource12": "None",
				"SellResource13": "Swords",
				"SellResource14": "None",
				"SellResource15": "IronArmors",
				"DefWallPatrolRallyTime": 2,
				"DefWallPatrolGroups": 3,
				"DefSiegeEngineGoldThreshold": 100,
				"DefSiegeEngineBuildDelay": 4,
				"Unknown072": 200,
				"Unknown073": 20,
				"RecruitProbDefDefault": 10,
				"RecruitProbDefWeak": 70,
				"RecruitProbDefStrong": 20,
				"RecruitProbRaidDefault": 25,
				"RecruitProbRaidWeak": 25,
				"RecruitProbRaidStrong": 50,
				"RecruitProbAttackDefault": 20,
				"RecruitProbAttackWeak": 10,
				"RecruitProbAttackStrong": 70,
				"SortieUnitRangedMin": 4,
				"SortieUnitRanged": "EuropArcher",
				"SortieUnitMeleeMin": 20,
				"SortieUnitMelee": "Spearman",
				"DefDiggingUnitMax": 4,
				"DefDiggingUnit": "Spearman",
				"RecruitInterval": 2,
				"RecruitIntervalWeak": 1,
				"RecruitIntervalStrong": 3,
				"DefTotal": 60,
				"OuterPatrolGroupsCount": 8,
				"OuterPatrolGroupsMove": "True",
				"OuterPatrolRallyDelay": 2,
				"DefWalls": 45,
				"DefUnit1": "Maceman",
				"DefUnit2": "EuropArcher",
				"DefUnit3": "EuropArcher",
				"DefUnit4": "EuropArcher",
				"DefUnit5": "EuropArcher",
				"DefUnit6": "EuropArcher",
				"DefUnit7": "EuropArcher",
				"DefUnit8": "EuropArcher",
				"RaidUnitsBase": 6,
				"RaidUnitsRandom": 12,
				"RaidUnit1": "Maceman",
				"RaidUnit2": "Maceman",
				"RaidUnit3": "None",
				"RaidUnit4": "None",
				"RaidUnit5": "None",
				"RaidUnit6": "None",
				"RaidUnit7": "None",
				"RaidUnit8": "None",
				"HarassingSiegeEngine1": "Catapult",
				"HarassingSiegeEngine2": "None",
				"HarassingSiegeEngine3": "None",
				"HarassingSiegeEngine4": "None",
				"HarassingSiegeEngine5": "None",
				"HarassingSiegeEngine6": "None",
				"HarassingSiegeEngine7": "None",
				"HarassingSiegeEngine8": "None",
				"HarassingSiegeEnginesMax": 1,
				"Unknown124": 4,
				"AttForceBase": 15,
				"AttForceRandom": 20,
				"AttForceSupportAllyThreshold": 40,
				"AttForceRallyPercentage": 40,
				"Unknown129": 100,
				"Unknown130": 0,
				"AttUnitPatrolRecommandDelay": 5,
				"Unknown132": 70,
				"SiegeEngine1": "Catapult",
				"SiegeEngine2": "Catapult",
				"SiegeEngine3": "None",
				"SiegeEngine4": "None",
				"SiegeEngine5": "None",
				"SiegeEngine6": "None",
				"SiegeEngine7": "None",
				"SiegeEngine8": "None",
				"CowThrowInterval": 10000,
				"Unknown142": 0,
				"AttMaxEngineers": 4,
				"AttDiggingUnit": "Spearman",
				"AttDiggingUnitMax": 60,
				"AttUnit2": "Maceman",
				"AttUnit2Max": 66,
				"AttMaxAssassins": 0,
				"AttMaxLaddermen": 0,
				"AttMaxTunnelers": 0,
				"AttUnitPatrol": "EuropArcher",
				"AttUnitPatrolMax": 30,
				"AttUnitPatrolGroupsCount": 0,
				"AttUnitBackup": "EuropArcher",
				"AttUnitBackupMax": 15,
				"AttUnitBackupGroupsCount": 0,
				"AttUnitEngage": "Maceman",
				"AttUnitEngageMax": 25,
				"AttUnitSiegeDef": "None",
				"AttUnitSiegeDefMax": 0,
				"AttUnitSiegeDefGroupsCount": 0,
				"AttUnitMain1": "Spearman",
				"AttUnitMain2": "Spearman",
				"AttUnitMain3": "None",
				"AttUnitMain4": "None",
				"AttMaxDefault": 200,
				"AttMainGroupsCount": 2,
				"TargetChoice": "Balanced"
			}
		}
]
}